timestamp;area;sensor;value
01.02.2023 00:03:02;Marktplatz - Autos;count;1.0
01.02.2023 00:04:05;Marktplatz - Autos;count;1.0
01.02.2023 00:06:10;Marktplatz - Autos;count;0.0
01.02.2023 00:07:13;Marktplatz - Autos;count;0.0
01.02.2023 00:08:15;Marktplatz - Autos;count;0.0
01.02.2023 00:09:24;Marktplatz - Autos;count;0.0
01.02.2023 00:11:23;Marktplatz - Autos;count;0.0
01.02.2023 00:14:31;Marktplatz - Autos;count;0.0
01.02.2023 00:15:34;Marktplatz - Autos;count;0.0
01.02.2023 00:16:36;Marktplatz - Autos;count;0.0
01.02.2023 00:17:39;Marktplatz - Autos;count;0.0
01.02.2023 00:18:41;Marktplatz - Autos;count;0.0
01.02.2023 00:20:00;Marktplatz - Autos;count;0.0
01.02.2023 00:21:04;Marktplatz - Autos;count;0.0
01.02.2023 00:21:49;Marktplatz - Autos;count;0.0
01.02.2023 00:23:54;Marktplatz - Autos;count;0.0
01.02.2023 00:24:56;Marktplatz - Autos;count;0.0
01.02.2023 00:27:01;Marktplatz - Autos;count;0.0
01.02.2023 00:28:17;Marktplatz - Autos;count;0.0
01.02.2023 00:29:07;Marktplatz - Autos;count;0.0
01.02.2023 00:30:27;Marktplatz - Autos;count;0.0
01.02.2023 00:32:15;Marktplatz - Autos;count;0.0
01.02.2023 00:33:32;Marktplatz - Autos;count;0.0
01.02.2023 00:37:28;Marktplatz - Autos;count;0.0
01.02.2023 00:38:30;Marktplatz - Autos;count;0.0
01.02.2023 00:40:36;Marktplatz - Autos;count;0.0
01.02.2023 00:41:38;Marktplatz - Autos;count;0.0
01.02.2023 00:42:41;Marktplatz - Autos;count;0.0
01.02.2023 00:45:01;Marktplatz - Autos;count;0.0
01.02.2023 00:45:50;Marktplatz - Autos;count;0.0
01.02.2023 00:46:52;Marktplatz - Autos;count;0.0
01.02.2023 00:48:57;Marktplatz - Autos;count;0.0
01.02.2023 00:49:59;Marktplatz - Autos;count;0.0
01.02.2023 00:53:22;Marktplatz - Autos;count;0.0
01.02.2023 00:54:10;Marktplatz - Autos;count;0.0
01.02.2023 00:58:20;Marktplatz - Autos;count;0.0
01.02.2023 01:01:28;Marktplatz - Autos;count;0.0
01.02.2023 01:02:46;Marktplatz - Autos;count;0.0
01.02.2023 01:03:33;Marktplatz - Autos;count;0.0
01.02.2023 01:06:41;Marktplatz - Autos;count;0.0
01.02.2023 01:09:49;Marktplatz - Autos;count;0.0
01.02.2023 01:12:57;Marktplatz - Autos;count;0.0
01.02.2023 01:13:59;Marktplatz - Autos;count;0.0
01.02.2023 01:15:01;Marktplatz - Autos;count;0.0
01.02.2023 01:17:06;Marktplatz - Autos;count;0.0
01.02.2023 01:19:29;Marktplatz - Autos;count;0.0
01.02.2023 01:22:21;Marktplatz - Autos;count;0.0
01.02.2023 01:23:23;Marktplatz - Autos;count;0.0
01.02.2023 01:26:31;Marktplatz - Autos;count;0.0
01.02.2023 01:27:35;Marktplatz - Autos;count;0.0
01.02.2023 01:28:37;Marktplatz - Autos;count;0.0
01.02.2023 01:30:58;Marktplatz - Autos;count;0.0
01.02.2023 01:31:45;Marktplatz - Autos;count;0.0
01.02.2023 01:33:50;Marktplatz - Autos;count;0.0
01.02.2023 01:35:10;Marktplatz - Autos;count;0.0
01.02.2023 01:35:56;Marktplatz - Autos;count;0.0
01.02.2023 01:36:58;Marktplatz - Autos;count;0.0
01.02.2023 01:39:04;Marktplatz - Autos;count;0.0
01.02.2023 01:40:06;Marktplatz - Autos;count;0.0
01.02.2023 01:41:09;Marktplatz - Autos;count;0.0
01.02.2023 01:42:11;Marktplatz - Autos;count;0.0
01.02.2023 01:43:14;Marktplatz - Autos;count;0.0
01.02.2023 01:45:19;Marktplatz - Autos;count;0.0
01.02.2023 01:49:29;Marktplatz - Autos;count;0.0
01.02.2023 01:51:34;Marktplatz - Autos;count;0.0
01.02.2023 01:52:53;Marktplatz - Autos;count;0.0
01.02.2023 01:53:43;Marktplatz - Autos;count;0.0
01.02.2023 01:55:45;Marktplatz - Autos;count;0.0
01.02.2023 01:58:52;Marktplatz - Autos;count;0.0
01.02.2023 02:00:58;Marktplatz - Autos;count;0.0
01.02.2023 02:02:00;Marktplatz - Autos;count;0.0
01.02.2023 02:03:03;Marktplatz - Autos;count;0.0
01.02.2023 02:04:05;Marktplatz - Autos;count;0.0
01.02.2023 02:05:07;Marktplatz - Autos;count;0.0
01.02.2023 02:07:26;Marktplatz - Autos;count;0.0
01.02.2023 02:08:21;Marktplatz - Autos;count;0.0
01.02.2023 02:09:18;Marktplatz - Autos;count;0.0
01.02.2023 02:10:35;Marktplatz - Autos;count;0.0
01.02.2023 02:12:26;Marktplatz - Autos;count;0.0
01.02.2023 02:13:28;Marktplatz - Autos;count;0.0
01.02.2023 02:14:31;Marktplatz - Autos;count;0.0
01.02.2023 02:15:33;Marktplatz - Autos;count;0.0
01.02.2023 02:18:57;Marktplatz - Autos;count;0.0
01.02.2023 02:21:49;Marktplatz - Autos;count;0.0
01.02.2023 02:22:52;Marktplatz - Autos;count;0.0
01.02.2023 02:23:54;Marktplatz - Autos;count;0.0
01.02.2023 02:25:16;Marktplatz - Autos;count;0.0
01.02.2023 02:27:03;Marktplatz - Autos;count;0.0
01.02.2023 02:31:14;Marktplatz - Autos;count;0.0
01.02.2023 02:34:22;Marktplatz - Autos;count;0.0
01.02.2023 02:35:25;Marktplatz - Autos;count;0.0
01.02.2023 02:37:31;Marktplatz - Autos;count;0.0
01.02.2023 02:38:33;Marktplatz - Autos;count;0.0
01.02.2023 02:39:36;Marktplatz - Autos;count;0.0
01.02.2023 02:41:41;Marktplatz - Autos;count;0.0
01.02.2023 02:43:46;Marktplatz - Autos;count;0.0
01.02.2023 02:51:05;Marktplatz - Autos;count;0.0
01.02.2023 02:52:07;Marktplatz - Autos;count;0.0
01.02.2023 02:54:14;Marktplatz - Autos;count;0.0
01.02.2023 02:55:31;Marktplatz - Autos;count;0.0
01.02.2023 02:57:21;Marktplatz - Autos;count;0.0
01.02.2023 02:58:24;Marktplatz - Autos;count;2.0
01.02.2023 03:00:29;Marktplatz - Autos;count;2.0
01.02.2023 03:03:37;Marktplatz - Autos;count;2.0
01.02.2023 03:04:40;Marktplatz - Autos;count;2.0
01.02.2023 03:05:58;Marktplatz - Autos;count;2.0
01.02.2023 03:06:45;Marktplatz - Autos;count;0.0
01.02.2023 03:07:49;Marktplatz - Autos;count;0.0
01.02.2023 03:08:51;Marktplatz - Autos;count;0.0
01.02.2023 03:11:59;Marktplatz - Autos;count;0.0
01.02.2023 03:13:17;Marktplatz - Autos;count;0.0
01.02.2023 03:14:04;Marktplatz - Autos;count;0.0
01.02.2023 03:15:07;Marktplatz - Autos;count;4.0
01.02.2023 03:16:25;Marktplatz - Autos;count;4.0
01.02.2023 03:19:34;Marktplatz - Autos;count;4.0
01.02.2023 03:20:20;Marktplatz - Autos;count;4.0
01.02.2023 03:21:38;Marktplatz - Autos;count;4.0
01.02.2023 03:24:48;Marktplatz - Autos;count;5.0
01.02.2023 03:27:40;Marktplatz - Autos;count;5.0
01.02.2023 03:28:42;Marktplatz - Autos;count;5.0
01.02.2023 03:29:45;Marktplatz - Autos;count;5.0
01.02.2023 03:30:47;Marktplatz - Autos;count;7.0
01.02.2023 03:32:53;Marktplatz - Autos;count;6.0
01.02.2023 03:37:18;Marktplatz - Autos;count;6.0
01.02.2023 03:38:22;Marktplatz - Autos;count;6.0
01.02.2023 03:39:08;Marktplatz - Autos;count;4.0
01.02.2023 03:40:11;Marktplatz - Autos;count;1.0
01.02.2023 03:41:14;Marktplatz - Autos;count;1.0
01.02.2023 03:47:29;Marktplatz - Autos;count;1.0
01.02.2023 03:48:32;Marktplatz - Autos;count;0.0
01.02.2023 03:49:36;Marktplatz - Autos;count;0.0
01.02.2023 03:52:58;Marktplatz - Autos;count;0.0
01.02.2023 03:54:49;Marktplatz - Autos;count;0.0
01.02.2023 03:55:51;Marktplatz - Autos;count;0.0
01.02.2023 03:56:54;Marktplatz - Autos;count;0.0
01.02.2023 03:57:57;Marktplatz - Autos;count;0.0
01.02.2023 03:58:59;Marktplatz - Autos;count;0.0
01.02.2023 04:01:05;Marktplatz - Autos;count;0.0
01.02.2023 04:02:07;Marktplatz - Autos;count;0.0
01.02.2023 04:04:12;Marktplatz - Autos;count;0.0
01.02.2023 04:05:15;Marktplatz - Autos;count;0.0
01.02.2023 04:07:20;Marktplatz - Autos;count;0.0
01.02.2023 04:10:28;Marktplatz - Autos;count;0.0
01.02.2023 04:11:31;Marktplatz - Autos;count;0.0
01.02.2023 04:12:48;Marktplatz - Autos;count;0.0
01.02.2023 04:14:39;Marktplatz - Autos;count;0.0
01.02.2023 04:16:44;Marktplatz - Autos;count;0.0
01.02.2023 04:17:47;Marktplatz - Autos;count;0.0
01.02.2023 04:20:54;Marktplatz - Autos;count;0.0
01.02.2023 04:21:57;Marktplatz - Autos;count;1.0
01.02.2023 04:23:00;Marktplatz - Autos;count;1.0
01.02.2023 04:24:02;Marktplatz - Autos;count;2.0
01.02.2023 04:28:29;Marktplatz - Autos;count;2.0
01.02.2023 04:29:15;Marktplatz - Autos;count;2.0
01.02.2023 04:30:18;Marktplatz - Autos;count;2.0
01.02.2023 04:31:21;Marktplatz - Autos;count;2.0
01.02.2023 04:32:23;Marktplatz - Autos;count;2.0
01.02.2023 04:35:31;Marktplatz - Autos;count;2.0
01.02.2023 04:38:39;Marktplatz - Autos;count;4.0
01.02.2023 04:39:58;Marktplatz - Autos;count;4.0
01.02.2023 04:40:44;Marktplatz - Autos;count;4.0
01.02.2023 04:44:55;Marktplatz - Autos;count;4.0
01.02.2023 04:45:57;Marktplatz - Autos;count;6.0
01.02.2023 04:47:00;Marktplatz - Autos;count;3.0
01.02.2023 04:49:05;Marktplatz - Autos;count;2.0
01.02.2023 04:50:27;Marktplatz - Autos;count;2.0
01.02.2023 04:53:16;Marktplatz - Autos;count;2.0
01.02.2023 04:56:24;Marktplatz - Autos;count;2.0
01.02.2023 04:59:32;Marktplatz - Autos;count;2.0
01.02.2023 05:01:37;Marktplatz - Autos;count;2.0
01.02.2023 05:03:41;Marktplatz - Autos;count;4.0
01.02.2023 05:04:44;Marktplatz - Autos;count;4.0
01.02.2023 05:06:49;Marktplatz - Autos;count;5.0
01.02.2023 05:08:53;Marktplatz - Autos;count;5.0
01.02.2023 05:13:04;Marktplatz - Autos;count;5.0
01.02.2023 05:14:06;Marktplatz - Autos;count;5.0
01.02.2023 05:16:12;Marktplatz - Autos;count;5.0
01.02.2023 05:19:19;Marktplatz - Autos;count;3.0
01.02.2023 05:21:25;Marktplatz - Autos;count;3.0
01.02.2023 05:24:48;Marktplatz - Autos;count;3.0
01.02.2023 05:28:42;Marktplatz - Autos;count;1.0
01.02.2023 05:29:45;Marktplatz - Autos;count;1.0
01.02.2023 05:32:53;Marktplatz - Autos;count;1.0
01.02.2023 05:34:11;Marktplatz - Autos;count;1.0
01.02.2023 05:36:00;Marktplatz - Autos;count;4.0
01.02.2023 05:37:03;Marktplatz - Autos;count;4.0
01.02.2023 05:38:06;Marktplatz - Autos;count;4.0
01.02.2023 05:41:14;Marktplatz - Autos;count;4.0
01.02.2023 05:44:21;Marktplatz - Autos;count;4.0
01.02.2023 05:45:40;Marktplatz - Autos;count;5.0
01.02.2023 05:46:27;Marktplatz - Autos;count;5.0
01.02.2023 05:47:44;Marktplatz - Autos;count;5.0
01.02.2023 05:49:34;Marktplatz - Autos;count;5.0
01.02.2023 05:52:56;Marktplatz - Autos;count;5.0
01.02.2023 05:53:44;Marktplatz - Autos;count;5.0
01.02.2023 05:54:47;Marktplatz - Autos;count;5.0
01.02.2023 05:56:52;Marktplatz - Autos;count;4.0
01.02.2023 05:57:55;Marktplatz - Autos;count;4.0
01.02.2023 06:01:02;Marktplatz - Autos;count;3.0
01.02.2023 06:02:05;Marktplatz - Autos;count;4.0
01.02.2023 06:03:08;Marktplatz - Autos;count;4.0
01.02.2023 06:06:15;Marktplatz - Autos;count;4.0
01.02.2023 06:08:35;Marktplatz - Autos;count;4.0
01.02.2023 06:09:22;Marktplatz - Autos;count;4.0
01.02.2023 06:10:25;Marktplatz - Autos;count;5.0
01.02.2023 06:11:28;Marktplatz - Autos;count;5.0
01.02.2023 06:14:36;Marktplatz - Autos;count;5.0
01.02.2023 06:17:43;Marktplatz - Autos;count;5.0
01.02.2023 06:18:46;Marktplatz - Autos;count;5.0
01.02.2023 06:19:50;Marktplatz - Autos;count;5.0
01.02.2023 06:23:12;Marktplatz - Autos;count;6.0
01.02.2023 06:24:15;Marktplatz - Autos;count;6.0
01.02.2023 06:26:04;Marktplatz - Autos;count;6.0
01.02.2023 06:27:07;Marktplatz - Autos;count;7.0
01.02.2023 06:28:10;Marktplatz - Autos;count;7.0
01.02.2023 06:31:34;Marktplatz - Autos;count;7.0
01.02.2023 06:33:23;Marktplatz - Autos;count;8.0
01.02.2023 06:34:44;Marktplatz - Autos;count;6.0
01.02.2023 06:35:27;Marktplatz - Autos;count;5.0
01.02.2023 06:36:30;Marktplatz - Autos;count;5.0
01.02.2023 06:37:32;Marktplatz - Autos;count;5.0
01.02.2023 06:38:36;Marktplatz - Autos;count;6.0
01.02.2023 06:39:38;Marktplatz - Autos;count;5.0
01.02.2023 06:41:44;Marktplatz - Autos;count;5.0
01.02.2023 06:42:45;Marktplatz - Autos;count;7.0
01.02.2023 06:43:48;Marktplatz - Autos;count;7.0
01.02.2023 06:45:09;Marktplatz - Autos;count;7.0
01.02.2023 06:45:54;Marktplatz - Autos;count;7.0
01.02.2023 06:48:15;Marktplatz - Autos;count;7.0
01.02.2023 06:50:04;Marktplatz - Autos;count;7.0
01.02.2023 06:51:06;Marktplatz - Autos;count;5.0
01.02.2023 06:52:09;Marktplatz - Autos;count;4.0
01.02.2023 06:53:12;Marktplatz - Autos;count;4.0
01.02.2023 06:54:14;Marktplatz - Autos;count;4.0
01.02.2023 06:55:18;Marktplatz - Autos;count;3.0
01.02.2023 06:56:36;Marktplatz - Autos;count;3.0
01.02.2023 06:58:25;Marktplatz - Autos;count;3.0
01.02.2023 06:59:27;Marktplatz - Autos;count;4.0
01.02.2023 07:00:29;Marktplatz - Autos;count;4.0
01.02.2023 07:01:33;Marktplatz - Autos;count;4.0
01.02.2023 07:02:35;Marktplatz - Autos;count;4.0
01.02.2023 07:03:38;Marktplatz - Autos;count;6.0
01.02.2023 07:04:47;Marktplatz - Autos;count;6.0
01.02.2023 07:06:46;Marktplatz - Autos;count;6.0
01.02.2023 07:08:03;Marktplatz - Autos;count;5.0
01.02.2023 07:08:51;Marktplatz - Autos;count;7.0
01.02.2023 07:10:10;Marktplatz - Autos;count;10.0
01.02.2023 07:10:55;Marktplatz - Autos;count;12.0
01.02.2023 07:11:58;Marktplatz - Autos;count;14.0
01.02.2023 07:13:01;Marktplatz - Autos;count;14.0
01.02.2023 07:15:07;Marktplatz - Autos;count;15.0
01.02.2023 07:16:08;Marktplatz - Autos;count;19.0
01.02.2023 07:17:23;Marktplatz - Autos;count;18.0
01.02.2023 07:18:15;Marktplatz - Autos;count;15.0
01.02.2023 07:19:16;Marktplatz - Autos;count;14.0
01.02.2023 07:20:19;Marktplatz - Autos;count;11.0
01.02.2023 07:21:21;Marktplatz - Autos;count;12.0
01.02.2023 07:22:25;Marktplatz - Autos;count;12.0
01.02.2023 07:23:44;Marktplatz - Autos;count;11.0
01.02.2023 07:24:30;Marktplatz - Autos;count;11.0
01.02.2023 07:25:48;Marktplatz - Autos;count;10.0
01.02.2023 07:26:36;Marktplatz - Autos;count;10.0
01.02.2023 07:27:37;Marktplatz - Autos;count;10.0
01.02.2023 07:28:57;Marktplatz - Autos;count;13.0
01.02.2023 07:29:43;Marktplatz - Autos;count;12.0
01.02.2023 07:30:46;Marktplatz - Autos;count;12.0
01.02.2023 07:31:49;Marktplatz - Autos;count;12.0
01.02.2023 07:32:51;Marktplatz - Autos;count;17.0
01.02.2023 07:33:53;Marktplatz - Autos;count;18.0
01.02.2023 07:34:57;Marktplatz - Autos;count;18.0
01.02.2023 07:36:00;Marktplatz - Autos;count;20.0
01.02.2023 07:37:03;Marktplatz - Autos;count;20.0
01.02.2023 07:38:05;Marktplatz - Autos;count;21.0
01.02.2023 07:40:11;Marktplatz - Autos;count;22.0
01.02.2023 07:41:13;Marktplatz - Autos;count;18.0
01.02.2023 07:42:30;Marktplatz - Autos;count;17.0
01.02.2023 07:44:21;Marktplatz - Autos;count;16.0
01.02.2023 07:45:24;Marktplatz - Autos;count;18.0
01.02.2023 07:46:26;Marktplatz - Autos;count;19.0
01.02.2023 07:47:28;Marktplatz - Autos;count;19.0
01.02.2023 07:48:31;Marktplatz - Autos;count;20.0
01.02.2023 07:49:33;Marktplatz - Autos;count;30.0
01.02.2023 07:50:51;Marktplatz - Autos;count;30.0
01.02.2023 07:51:56;Marktplatz - Autos;count;33.0
01.02.2023 07:52:40;Marktplatz - Autos;count;37.0
01.02.2023 07:53:59;Marktplatz - Autos;count;37.0
01.02.2023 07:55:01;Marktplatz - Autos;count;36.0
01.02.2023 07:55:48;Marktplatz - Autos;count;36.0
01.02.2023 07:56:51;Marktplatz - Autos;count;34.0
01.02.2023 07:57:52;Marktplatz - Autos;count;31.0
01.02.2023 07:58:56;Marktplatz - Autos;count;32.0
01.02.2023 07:59:59;Marktplatz - Autos;count;31.0
01.02.2023 08:01:01;Marktplatz - Autos;count;32.0
01.02.2023 08:02:04;Marktplatz - Autos;count;31.0
01.02.2023 08:03:20;Marktplatz - Autos;count;32.0
01.02.2023 08:04:08;Marktplatz - Autos;count;32.0
01.02.2023 08:05:28;Marktplatz - Autos;count;32.0
01.02.2023 08:06:13;Marktplatz - Autos;count;26.0
01.02.2023 08:07:16;Marktplatz - Autos;count;27.0
01.02.2023 08:08:19;Marktplatz - Autos;count;30.0
01.02.2023 08:09:21;Marktplatz - Autos;count;31.0
01.02.2023 08:10:24;Marktplatz - Autos;count;33.0
01.02.2023 08:11:41;Marktplatz - Autos;count;34.0
01.02.2023 08:12:28;Marktplatz - Autos;count;34.0
01.02.2023 08:13:31;Marktplatz - Autos;count;38.0
01.02.2023 08:14:50;Marktplatz - Autos;count;46.0
01.02.2023 08:15:36;Marktplatz - Autos;count;47.0
01.02.2023 08:16:39;Marktplatz - Autos;count;48.0
01.02.2023 08:17:41;Marktplatz - Autos;count;45.0
01.02.2023 08:18:44;Marktplatz - Autos;count;47.0
01.02.2023 08:19:46;Marktplatz - Autos;count;47.0
01.02.2023 08:20:48;Marktplatz - Autos;count;47.0
01.02.2023 08:21:51;Marktplatz - Autos;count;43.0
01.02.2023 08:22:53;Marktplatz - Autos;count;43.0
01.02.2023 08:23:56;Marktplatz - Autos;count;44.0
01.02.2023 08:24:59;Marktplatz - Autos;count;43.0
01.02.2023 08:26:01;Marktplatz - Autos;count;42.0
01.02.2023 08:27:20;Marktplatz - Autos;count;41.0
01.02.2023 08:28:21;Marktplatz - Autos;count;40.0
01.02.2023 08:29:08;Marktplatz - Autos;count;40.0
01.02.2023 08:30:11;Marktplatz - Autos;count;41.0
01.02.2023 08:31:13;Marktplatz - Autos;count;41.0
01.02.2023 08:32:16;Marktplatz - Autos;count;43.0
01.02.2023 08:33:19;Marktplatz - Autos;count;43.0
01.02.2023 08:34:21;Marktplatz - Autos;count;51.0
01.02.2023 08:35:24;Marktplatz - Autos;count;57.0
01.02.2023 08:36:47;Marktplatz - Autos;count;59.0
01.02.2023 08:37:28;Marktplatz - Autos;count;59.0
01.02.2023 08:38:31;Marktplatz - Autos;count;59.0
01.02.2023 08:39:33;Marktplatz - Autos;count;59.0
01.02.2023 08:40:36;Marktplatz - Autos;count;61.0
01.02.2023 08:41:39;Marktplatz - Autos;count;62.0
01.02.2023 08:42:59;Marktplatz - Autos;count;61.0
01.02.2023 08:43:44;Marktplatz - Autos;count;62.0
01.02.2023 08:44:46;Marktplatz - Autos;count;60.0
01.02.2023 08:45:48;Marktplatz - Autos;count;60.0
01.02.2023 08:46:51;Marktplatz - Autos;count;60.0
01.02.2023 08:47:53;Marktplatz - Autos;count;59.0
01.02.2023 08:48:56;Marktplatz - Autos;count;58.0
01.02.2023 08:50:20;Marktplatz - Autos;count;57.0
01.02.2023 08:51:16;Marktplatz - Autos;count;54.0
01.02.2023 08:52:14;Marktplatz - Autos;count;55.0
01.02.2023 08:53:22;Marktplatz - Autos;count;61.0
01.02.2023 08:54:08;Marktplatz - Autos;count;61.0
01.02.2023 08:55:11;Marktplatz - Autos;count;61.0
01.02.2023 08:56:13;Marktplatz - Autos;count;65.0
01.02.2023 08:57:16;Marktplatz - Autos;count;69.0
01.02.2023 08:58:19;Marktplatz - Autos;count;70.0
01.02.2023 08:59:38;Marktplatz - Autos;count;71.0
01.02.2023 09:00:24;Marktplatz - Autos;count;67.0
01.02.2023 09:01:26;Marktplatz - Autos;count;64.0
01.02.2023 09:02:28;Marktplatz - Autos;count;64.0
01.02.2023 09:03:31;Marktplatz - Autos;count;64.0
01.02.2023 09:04:33;Marktplatz - Autos;count;60.0
01.02.2023 09:05:36;Marktplatz - Autos;count;57.0
01.02.2023 09:06:39;Marktplatz - Autos;count;57.0
01.02.2023 09:07:41;Marktplatz - Autos;count;57.0
01.02.2023 09:08:58;Marktplatz - Autos;count;55.0
01.02.2023 09:09:46;Marktplatz - Autos;count;53.0
01.02.2023 09:10:48;Marktplatz - Autos;count;53.0
01.02.2023 09:11:51;Marktplatz - Autos;count;52.0
01.02.2023 09:12:53;Marktplatz - Autos;count;49.0
01.02.2023 09:13:56;Marktplatz - Autos;count;46.0
01.02.2023 09:14:59;Marktplatz - Autos;count;43.0
01.02.2023 09:16:01;Marktplatz - Autos;count;42.0
01.02.2023 09:17:20;Marktplatz - Autos;count;41.0
01.02.2023 09:18:06;Marktplatz - Autos;count;43.0
01.02.2023 09:19:24;Marktplatz - Autos;count;43.0
01.02.2023 09:20:11;Marktplatz - Autos;count;43.0
01.02.2023 09:21:13;Marktplatz - Autos;count;45.0
01.02.2023 09:22:16;Marktplatz - Autos;count;44.0
01.02.2023 09:23:19;Marktplatz - Autos;count;48.0
01.02.2023 09:24:21;Marktplatz - Autos;count;44.0
01.02.2023 09:25:24;Marktplatz - Autos;count;46.0
01.02.2023 09:26:26;Marktplatz - Autos;count;48.0
01.02.2023 09:27:28;Marktplatz - Autos;count;48.0
01.02.2023 09:28:31;Marktplatz - Autos;count;49.0
01.02.2023 09:29:33;Marktplatz - Autos;count;46.0
01.02.2023 09:30:51;Marktplatz - Autos;count;48.0
01.02.2023 09:31:39;Marktplatz - Autos;count;48.0
01.02.2023 09:32:41;Marktplatz - Autos;count;54.0
01.02.2023 09:33:44;Marktplatz - Autos;count;53.0
01.02.2023 09:34:46;Marktplatz - Autos;count;55.0
01.02.2023 09:35:48;Marktplatz - Autos;count;55.0
01.02.2023 09:37:06;Marktplatz - Autos;count;54.0
01.02.2023 09:37:53;Marktplatz - Autos;count;55.0
01.02.2023 09:38:56;Marktplatz - Autos;count;55.0
01.02.2023 09:39:59;Marktplatz - Autos;count;53.0
01.02.2023 09:41:01;Marktplatz - Autos;count;56.0
01.02.2023 09:42:20;Marktplatz - Autos;count;62.0
01.02.2023 09:43:06;Marktplatz - Autos;count;60.0
01.02.2023 09:44:08;Marktplatz - Autos;count;60.0
01.02.2023 09:45:11;Marktplatz - Autos;count;60.0
01.02.2023 09:46:13;Marktplatz - Autos;count;58.0
01.02.2023 09:47:32;Marktplatz - Autos;count;62.0
01.02.2023 09:48:19;Marktplatz - Autos;count;64.0
01.02.2023 09:49:21;Marktplatz - Autos;count;65.0
01.02.2023 09:50:24;Marktplatz - Autos;count;60.0
01.02.2023 09:51:26;Marktplatz - Autos;count;58.0
01.02.2023 09:52:28;Marktplatz - Autos;count;58.0
01.02.2023 09:53:31;Marktplatz - Autos;count;59.0
01.02.2023 09:54:33;Marktplatz - Autos;count;62.0
01.02.2023 09:55:37;Marktplatz - Autos;count;68.0
01.02.2023 09:56:39;Marktplatz - Autos;count;67.0
01.02.2023 09:57:41;Marktplatz - Autos;count;70.0
01.02.2023 09:58:44;Marktplatz - Autos;count;82.0
01.02.2023 09:59:46;Marktplatz - Autos;count;81.0
01.02.2023 10:00:48;Marktplatz - Autos;count;81.0
01.02.2023 10:01:57;Marktplatz - Autos;count;80.0
01.02.2023 10:02:53;Marktplatz - Autos;count;80.0
01.02.2023 10:03:56;Marktplatz - Autos;count;77.0
01.02.2023 10:05:19;Marktplatz - Autos;count;76.0
01.02.2023 10:06:11;Marktplatz - Autos;count;77.0
01.02.2023 10:07:04;Marktplatz - Autos;count;73.0
01.02.2023 10:08:21;Marktplatz - Autos;count;73.0
01.02.2023 10:09:08;Marktplatz - Autos;count;73.0
01.02.2023 10:10:11;Marktplatz - Autos;count;73.0
01.02.2023 10:11:13;Marktplatz - Autos;count;76.0
01.02.2023 10:12:16;Marktplatz - Autos;count;80.0
01.02.2023 10:13:34;Marktplatz - Autos;count;80.0
01.02.2023 10:14:21;Marktplatz - Autos;count;77.0
01.02.2023 10:15:24;Marktplatz - Autos;count;81.0
01.02.2023 10:16:40;Marktplatz - Autos;count;87.0
01.02.2023 10:17:28;Marktplatz - Autos;count;87.0
01.02.2023 10:18:31;Marktplatz - Autos;count;88.0
01.02.2023 10:19:33;Marktplatz - Autos;count;88.0
01.02.2023 10:20:51;Marktplatz - Autos;count;80.0
01.02.2023 10:21:39;Marktplatz - Autos;count;82.0
01.02.2023 10:22:41;Marktplatz - Autos;count;84.0
01.02.2023 10:23:44;Marktplatz - Autos;count;89.0
01.02.2023 10:24:46;Marktplatz - Autos;count;86.0
01.02.2023 10:25:48;Marktplatz - Autos;count;86.0
01.02.2023 10:26:51;Marktplatz - Autos;count;85.0
01.02.2023 10:28:08;Marktplatz - Autos;count;85.0
01.02.2023 10:29:11;Marktplatz - Autos;count;84.0
01.02.2023 10:29:59;Marktplatz - Autos;count;83.0
01.02.2023 10:31:01;Marktplatz - Autos;count;82.0
01.02.2023 10:32:19;Marktplatz - Autos;count;75.0
01.02.2023 10:33:06;Marktplatz - Autos;count;74.0
01.02.2023 10:34:23;Marktplatz - Autos;count;74.0
01.02.2023 10:35:11;Marktplatz - Autos;count;74.0
01.02.2023 10:36:13;Marktplatz - Autos;count;73.0
01.02.2023 10:37:16;Marktplatz - Autos;count;72.0
01.02.2023 10:38:19;Marktplatz - Autos;count;71.0
01.02.2023 10:39:21;Marktplatz - Autos;count;64.0
01.02.2023 10:40:24;Marktplatz - Autos;count;61.0
01.02.2023 10:41:26;Marktplatz - Autos;count;58.0
01.02.2023 10:42:28;Marktplatz - Autos;count;58.0
01.02.2023 10:43:31;Marktplatz - Autos;count;59.0
01.02.2023 10:44:33;Marktplatz - Autos;count;56.0
01.02.2023 10:45:51;Marktplatz - Autos;count;58.0
01.02.2023 10:46:39;Marktplatz - Autos;count;59.0
01.02.2023 10:47:41;Marktplatz - Autos;count;64.0
01.02.2023 10:48:44;Marktplatz - Autos;count;72.0
01.02.2023 10:49:46;Marktplatz - Autos;count;75.0
01.02.2023 10:50:48;Marktplatz - Autos;count;75.0
01.02.2023 10:51:51;Marktplatz - Autos;count;74.0
01.02.2023 10:52:53;Marktplatz - Autos;count;78.0
01.02.2023 10:53:56;Marktplatz - Autos;count;80.0
01.02.2023 10:54:59;Marktplatz - Autos;count;79.0
01.02.2023 10:56:21;Marktplatz - Autos;count;83.0
01.02.2023 10:57:20;Marktplatz - Autos;count;85.0
01.02.2023 10:58:06;Marktplatz - Autos;count;83.0
01.02.2023 10:59:08;Marktplatz - Autos;count;83.0
01.02.2023 11:00:10;Marktplatz - Autos;count;84.0
01.02.2023 11:01:13;Marktplatz - Autos;count;82.0
01.02.2023 11:02:30;Marktplatz - Autos;count;82.0
01.02.2023 11:03:19;Marktplatz - Autos;count;81.0
01.02.2023 11:04:21;Marktplatz - Autos;count;80.0
01.02.2023 11:05:24;Marktplatz - Autos;count;78.0
01.02.2023 11:06:26;Marktplatz - Autos;count;81.0
01.02.2023 11:07:43;Marktplatz - Autos;count;81.0
01.02.2023 11:08:30;Marktplatz - Autos;count;82.0
01.02.2023 11:09:51;Marktplatz - Autos;count;82.0
01.02.2023 11:10:50;Marktplatz - Autos;count;81.0
01.02.2023 11:11:38;Marktplatz - Autos;count;81.0
01.02.2023 11:12:56;Marktplatz - Autos;count;82.0
01.02.2023 11:13:43;Marktplatz - Autos;count;83.0
01.02.2023 11:14:45;Marktplatz - Autos;count;81.0
01.02.2023 11:16:03;Marktplatz - Autos;count;81.0
01.02.2023 11:17:06;Marktplatz - Autos;count;79.0
01.02.2023 11:18:09;Marktplatz - Autos;count;81.0
01.02.2023 11:18:55;Marktplatz - Autos;count;85.0
01.02.2023 11:19:58;Marktplatz - Autos;count;87.0
01.02.2023 11:21:00;Marktplatz - Autos;count;85.0
01.02.2023 11:22:04;Marktplatz - Autos;count;87.0
01.02.2023 11:23:05;Marktplatz - Autos;count;88.0
01.02.2023 11:24:07;Marktplatz - Autos;count;88.0
01.02.2023 11:25:09;Marktplatz - Autos;count;88.0
01.02.2023 11:26:11;Marktplatz - Autos;count;85.0
01.02.2023 11:27:14;Marktplatz - Autos;count;81.0
01.02.2023 11:28:17;Marktplatz - Autos;count;83.0
01.02.2023 11:29:19;Marktplatz - Autos;count;83.0
01.02.2023 11:30:22;Marktplatz - Autos;count;82.0
01.02.2023 11:31:39;Marktplatz - Autos;count;85.0
01.02.2023 11:32:38;Marktplatz - Autos;count;85.0
01.02.2023 11:33:29;Marktplatz - Autos;count;85.0
01.02.2023 11:35:04;Marktplatz - Autos;count;92.0
01.02.2023 11:35:34;Marktplatz - Autos;count;98.0
01.02.2023 11:36:55;Marktplatz - Autos;count;96.0
01.02.2023 11:37:39;Marktplatz - Autos;count;98.0
01.02.2023 11:38:58;Marktplatz - Autos;count;102.0
01.02.2023 11:39:44;Marktplatz - Autos;count;102.0
01.02.2023 11:40:46;Marktplatz - Autos;count;102.0
01.02.2023 11:41:49;Marktplatz - Autos;count;102.0
01.02.2023 11:42:51;Marktplatz - Autos;count;96.0
01.02.2023 11:44:09;Marktplatz - Autos;count;94.0
01.02.2023 11:44:57;Marktplatz - Autos;count;95.0
01.02.2023 11:46:15;Marktplatz - Autos;count;92.0
01.02.2023 11:47:02;Marktplatz - Autos;count;84.0
01.02.2023 11:48:20;Marktplatz - Autos;count;82.0
01.02.2023 11:49:06;Marktplatz - Autos;count;82.0
01.02.2023 11:50:28;Marktplatz - Autos;count;82.0
01.02.2023 11:51:27;Marktplatz - Autos;count;79.0
01.02.2023 11:52:29;Marktplatz - Autos;count;80.0
01.02.2023 11:53:17;Marktplatz - Autos;count;81.0
01.02.2023 11:54:19;Marktplatz - Autos;count;79.0
01.02.2023 11:55:22;Marktplatz - Autos;count;78.0
01.02.2023 11:56:24;Marktplatz - Autos;count;77.0
01.02.2023 11:57:26;Marktplatz - Autos;count;77.0
01.02.2023 11:58:44;Marktplatz - Autos;count;79.0
01.02.2023 11:59:31;Marktplatz - Autos;count;89.0
01.02.2023 12:00:49;Marktplatz - Autos;count;86.0
01.02.2023 12:01:37;Marktplatz - Autos;count;86.0
01.02.2023 12:02:39;Marktplatz - Autos;count;86.0
01.02.2023 12:03:42;Marktplatz - Autos;count;84.0
01.02.2023 12:04:44;Marktplatz - Autos;count;86.0
01.02.2023 12:05:46;Marktplatz - Autos;count;86.0
01.02.2023 12:07:04;Marktplatz - Autos;count;85.0
01.02.2023 12:07:51;Marktplatz - Autos;count;77.0
01.02.2023 12:08:54;Marktplatz - Autos;count;71.0
01.02.2023 12:09:57;Marktplatz - Autos;count;69.0
01.02.2023 12:10:59;Marktplatz - Autos;count;65.0
01.02.2023 12:12:02;Marktplatz - Autos;count;55.0
01.02.2023 12:13:04;Marktplatz - Autos;count;54.0
01.02.2023 12:14:06;Marktplatz - Autos;count;54.0
01.02.2023 12:15:08;Marktplatz - Autos;count;53.0
01.02.2023 12:16:10;Marktplatz - Autos;count;51.0
01.02.2023 12:17:13;Marktplatz - Autos;count;47.0
01.02.2023 12:18:16;Marktplatz - Autos;count;48.0
01.02.2023 12:19:18;Marktplatz - Autos;count;47.0
01.02.2023 12:20:21;Marktplatz - Autos;count;45.0
01.02.2023 12:21:23;Marktplatz - Autos;count;41.0
01.02.2023 12:22:25;Marktplatz - Autos;count;41.0
01.02.2023 12:23:27;Marktplatz - Autos;count;41.0
01.02.2023 12:24:29;Marktplatz - Autos;count;36.0
01.02.2023 12:25:32;Marktplatz - Autos;count;41.0
01.02.2023 12:26:35;Marktplatz - Autos;count;36.0
01.02.2023 12:27:37;Marktplatz - Autos;count;34.0
01.02.2023 12:28:40;Marktplatz - Autos;count;32.0
01.02.2023 12:29:42;Marktplatz - Autos;count;30.0
01.02.2023 12:30:44;Marktplatz - Autos;count;30.0
01.02.2023 12:31:46;Marktplatz - Autos;count;29.0
01.02.2023 12:32:48;Marktplatz - Autos;count;31.0
01.02.2023 12:33:51;Marktplatz - Autos;count;27.0
01.02.2023 12:35:13;Marktplatz - Autos;count;28.0
01.02.2023 12:35:56;Marktplatz - Autos;count;25.0
01.02.2023 12:36:59;Marktplatz - Autos;count;28.0
01.02.2023 12:38:01;Marktplatz - Autos;count;29.0
01.02.2023 12:39:20;Marktplatz - Autos;count;29.0
01.02.2023 12:40:06;Marktplatz - Autos;count;29.0
01.02.2023 12:41:08;Marktplatz - Autos;count;26.0
01.02.2023 12:42:26;Marktplatz - Autos;count;25.0
01.02.2023 12:43:14;Marktplatz - Autos;count;26.0
01.02.2023 12:44:30;Marktplatz - Autos;count;25.0
01.02.2023 12:45:19;Marktplatz - Autos;count;21.0
01.02.2023 12:46:21;Marktplatz - Autos;count;20.0
01.02.2023 12:47:23;Marktplatz - Autos;count;20.0
01.02.2023 12:48:26;Marktplatz - Autos;count;20.0
01.02.2023 12:49:43;Marktplatz - Autos;count;19.0
01.02.2023 12:50:31;Marktplatz - Autos;count;21.0
01.02.2023 12:51:34;Marktplatz - Autos;count;19.0
01.02.2023 12:52:53;Marktplatz - Autos;count;19.0
01.02.2023 12:53:39;Marktplatz - Autos;count;18.0
01.02.2023 12:54:56;Marktplatz - Autos;count;18.0
01.02.2023 12:55:43;Marktplatz - Autos;count;18.0
01.02.2023 12:56:46;Marktplatz - Autos;count;18.0
01.02.2023 12:57:48;Marktplatz - Autos;count;17.0
01.02.2023 12:58:51;Marktplatz - Autos;count;18.0
01.02.2023 12:59:54;Marktplatz - Autos;count;19.0
01.02.2023 13:00:56;Marktplatz - Autos;count;19.0
01.02.2023 13:01:59;Marktplatz - Autos;count;18.0
01.02.2023 13:04:03;Marktplatz - Autos;count;18.0
01.02.2023 13:05:05;Marktplatz - Autos;count;18.0
01.02.2023 13:06:23;Marktplatz - Autos;count;20.0
01.02.2023 13:07:27;Marktplatz - Autos;count;16.0
01.02.2023 13:08:33;Marktplatz - Autos;count;15.0
01.02.2023 13:09:16;Marktplatz - Autos;count;17.0
01.02.2023 13:10:19;Marktplatz - Autos;count;17.0
01.02.2023 13:11:21;Marktplatz - Autos;count;18.0
01.02.2023 13:12:23;Marktplatz - Autos;count;18.0
01.02.2023 13:13:45;Marktplatz - Autos;count;18.0
01.02.2023 13:14:29;Marktplatz - Autos;count;19.0
01.02.2023 13:15:31;Marktplatz - Autos;count;20.0
01.02.2023 13:16:34;Marktplatz - Autos;count;20.0
01.02.2023 13:17:36;Marktplatz - Autos;count;17.0
01.02.2023 13:18:39;Marktplatz - Autos;count;16.0
01.02.2023 13:19:41;Marktplatz - Autos;count;15.0
01.02.2023 13:20:43;Marktplatz - Autos;count;15.0
01.02.2023 13:21:46;Marktplatz - Autos;count;15.0
01.02.2023 13:22:48;Marktplatz - Autos;count;19.0
01.02.2023 13:23:51;Marktplatz - Autos;count;24.0
01.02.2023 13:25:12;Marktplatz - Autos;count;25.0
01.02.2023 13:25:56;Marktplatz - Autos;count;26.0
01.02.2023 13:26:59;Marktplatz - Autos;count;27.0
01.02.2023 13:28:01;Marktplatz - Autos;count;26.0
01.02.2023 13:29:03;Marktplatz - Autos;count;26.0
01.02.2023 13:30:06;Marktplatz - Autos;count;26.0
01.02.2023 13:31:08;Marktplatz - Autos;count;20.0
01.02.2023 13:32:11;Marktplatz - Autos;count;13.0
01.02.2023 13:33:30;Marktplatz - Autos;count;14.0
01.02.2023 13:34:16;Marktplatz - Autos;count;14.0
01.02.2023 13:35:19;Marktplatz - Autos;count;13.0
01.02.2023 13:36:21;Marktplatz - Autos;count;13.0
01.02.2023 13:37:23;Marktplatz - Autos;count;13.0
01.02.2023 13:38:26;Marktplatz - Autos;count;14.0
01.02.2023 13:39:28;Marktplatz - Autos;count;17.0
01.02.2023 13:40:31;Marktplatz - Autos;count;18.0
01.02.2023 13:41:34;Marktplatz - Autos;count;23.0
01.02.2023 13:42:36;Marktplatz - Autos;count;22.0
01.02.2023 13:43:39;Marktplatz - Autos;count;25.0
01.02.2023 13:44:41;Marktplatz - Autos;count;26.0
01.02.2023 13:45:43;Marktplatz - Autos;count;26.0
01.02.2023 13:47:02;Marktplatz - Autos;count;25.0
01.02.2023 13:47:48;Marktplatz - Autos;count;28.0
01.02.2023 13:49:08;Marktplatz - Autos;count;29.0
01.02.2023 13:49:54;Marktplatz - Autos;count;26.0
01.02.2023 13:50:56;Marktplatz - Autos;count;26.0
01.02.2023 13:52:05;Marktplatz - Autos;count;27.0
01.02.2023 13:54:03;Marktplatz - Autos;count;27.0
01.02.2023 13:55:28;Marktplatz - Autos;count;27.0
01.02.2023 13:56:08;Marktplatz - Autos;count;24.0
01.02.2023 13:57:11;Marktplatz - Autos;count;22.0
01.02.2023 13:58:26;Marktplatz - Autos;count;18.0
01.02.2023 13:59:16;Marktplatz - Autos;count;18.0
01.02.2023 14:00:19;Marktplatz - Autos;count;16.0
01.02.2023 14:02:39;Marktplatz - Autos;count;16.0
01.02.2023 14:03:26;Marktplatz - Autos;count;18.0
01.02.2023 14:04:28;Marktplatz - Autos;count;16.0
01.02.2023 14:05:31;Marktplatz - Autos;count;20.0
01.02.2023 14:06:34;Marktplatz - Autos;count;20.0
01.02.2023 14:07:36;Marktplatz - Autos;count;20.0
01.02.2023 14:08:55;Marktplatz - Autos;count;18.0
01.02.2023 14:10:43;Marktplatz - Autos;count;18.0
01.02.2023 14:11:46;Marktplatz - Autos;count;16.0
01.02.2023 14:12:48;Marktplatz - Autos;count;16.0
01.02.2023 14:14:07;Marktplatz - Autos;count;15.0
01.02.2023 14:14:54;Marktplatz - Autos;count;16.0
01.02.2023 14:15:56;Marktplatz - Autos;count;16.0
01.02.2023 14:16:59;Marktplatz - Autos;count;17.0
01.02.2023 14:18:01;Marktplatz - Autos;count;17.0
01.02.2023 14:20:06;Marktplatz - Autos;count;17.0
01.02.2023 14:21:08;Marktplatz - Autos;count;16.0
01.02.2023 14:22:11;Marktplatz - Autos;count;20.0
01.02.2023 14:23:14;Marktplatz - Autos;count;19.0
01.02.2023 14:24:51;Marktplatz - Autos;count;26.0
01.02.2023 14:25:20;Marktplatz - Autos;count;24.0
01.02.2023 14:26:21;Marktplatz - Autos;count;23.0
01.02.2023 14:27:40;Marktplatz - Autos;count;23.0
01.02.2023 14:28:40;Marktplatz - Autos;count;23.0
01.02.2023 14:29:27;Marktplatz - Autos;count;23.0
01.02.2023 14:30:30;Marktplatz - Autos;count;21.0
01.02.2023 14:31:33;Marktplatz - Autos;count;22.0
01.02.2023 14:32:35;Marktplatz - Autos;count;15.0
01.02.2023 14:33:38;Marktplatz - Autos;count;16.0
01.02.2023 14:34:40;Marktplatz - Autos;count;16.0
01.02.2023 14:36:45;Marktplatz - Autos;count;22.0
01.02.2023 14:37:47;Marktplatz - Autos;count;22.0
01.02.2023 14:38:50;Marktplatz - Autos;count;18.0
01.02.2023 14:39:53;Marktplatz - Autos;count;20.0
01.02.2023 14:41:12;Marktplatz - Autos;count;21.0
01.02.2023 14:41:58;Marktplatz - Autos;count;20.0
01.02.2023 14:43:00;Marktplatz - Autos;count;23.0
01.02.2023 14:44:02;Marktplatz - Autos;count;25.0
01.02.2023 14:45:05;Marktplatz - Autos;count;19.0
01.02.2023 14:46:07;Marktplatz - Autos;count;21.0
01.02.2023 14:47:10;Marktplatz - Autos;count;22.0
01.02.2023 14:48:13;Marktplatz - Autos;count;21.0
01.02.2023 14:49:15;Marktplatz - Autos;count;20.0
01.02.2023 14:50:18;Marktplatz - Autos;count;21.0
01.02.2023 14:51:20;Marktplatz - Autos;count;20.0
01.02.2023 14:52:22;Marktplatz - Autos;count;20.0
01.02.2023 14:53:44;Marktplatz - Autos;count;20.0
01.02.2023 14:54:27;Marktplatz - Autos;count;22.0
01.02.2023 14:55:30;Marktplatz - Autos;count;23.0
01.02.2023 14:56:33;Marktplatz - Autos;count;23.0
01.02.2023 14:57:35;Marktplatz - Autos;count;23.0
01.02.2023 14:58:38;Marktplatz - Autos;count;25.0
01.02.2023 14:59:47;Marktplatz - Autos;count;24.0
01.02.2023 15:00:42;Marktplatz - Autos;count;23.0
01.02.2023 15:01:45;Marktplatz - Autos;count;23.0
01.02.2023 15:02:47;Marktplatz - Autos;count;22.0
01.02.2023 15:03:50;Marktplatz - Autos;count;25.0
01.02.2023 15:04:53;Marktplatz - Autos;count;24.0
01.02.2023 15:05:55;Marktplatz - Autos;count;24.0
01.02.2023 15:06:58;Marktplatz - Autos;count;23.0
01.02.2023 15:08:00;Marktplatz - Autos;count;23.0
01.02.2023 15:09:02;Marktplatz - Autos;count;23.0
01.02.2023 15:10:26;Marktplatz - Autos;count;26.0
01.02.2023 15:11:07;Marktplatz - Autos;count;31.0
01.02.2023 15:12:10;Marktplatz - Autos;count;29.0
01.02.2023 15:13:13;Marktplatz - Autos;count;31.0
01.02.2023 15:14:15;Marktplatz - Autos;count;32.0
01.02.2023 15:15:18;Marktplatz - Autos;count;30.0
01.02.2023 15:16:20;Marktplatz - Autos;count;30.0
01.02.2023 15:17:22;Marktplatz - Autos;count;30.0
01.02.2023 15:18:25;Marktplatz - Autos;count;27.0
01.02.2023 15:19:45;Marktplatz - Autos;count;31.0
01.02.2023 15:20:30;Marktplatz - Autos;count;31.0
01.02.2023 15:21:33;Marktplatz - Autos;count;30.0
01.02.2023 15:22:35;Marktplatz - Autos;count;31.0
01.02.2023 15:23:38;Marktplatz - Autos;count;30.0
01.02.2023 15:24:40;Marktplatz - Autos;count;30.0
01.02.2023 15:25:42;Marktplatz - Autos;count;30.0
01.02.2023 15:26:45;Marktplatz - Autos;count;31.0
01.02.2023 15:27:47;Marktplatz - Autos;count;28.0
01.02.2023 15:28:50;Marktplatz - Autos;count;27.0
01.02.2023 15:29:53;Marktplatz - Autos;count;26.0
01.02.2023 15:30:55;Marktplatz - Autos;count;25.0
01.02.2023 15:31:58;Marktplatz - Autos;count;25.0
01.02.2023 15:33:00;Marktplatz - Autos;count;25.0
01.02.2023 15:34:18;Marktplatz - Autos;count;25.0
01.02.2023 15:35:05;Marktplatz - Autos;count;24.0
01.02.2023 15:36:07;Marktplatz - Autos;count;19.0
01.02.2023 15:37:10;Marktplatz - Autos;count;18.0
01.02.2023 15:38:13;Marktplatz - Autos;count;19.0
01.02.2023 15:39:15;Marktplatz - Autos;count;18.0
01.02.2023 15:40:18;Marktplatz - Autos;count;20.0
01.02.2023 15:41:20;Marktplatz - Autos;count;20.0
01.02.2023 15:42:22;Marktplatz - Autos;count;20.0
01.02.2023 15:43:25;Marktplatz - Autos;count;21.0
01.02.2023 15:44:27;Marktplatz - Autos;count;21.0
01.02.2023 15:45:30;Marktplatz - Autos;count;26.0
01.02.2023 15:46:33;Marktplatz - Autos;count;25.0
01.02.2023 15:47:54;Marktplatz - Autos;count;28.0
01.02.2023 15:48:38;Marktplatz - Autos;count;29.0
01.02.2023 15:49:56;Marktplatz - Autos;count;29.0
01.02.2023 15:50:42;Marktplatz - Autos;count;30.0
01.02.2023 15:51:45;Marktplatz - Autos;count;29.0
01.02.2023 15:52:47;Marktplatz - Autos;count;28.0
01.02.2023 15:53:50;Marktplatz - Autos;count;26.0
01.02.2023 15:54:53;Marktplatz - Autos;count;23.0
01.02.2023 15:55:55;Marktplatz - Autos;count;20.0
01.02.2023 15:56:58;Marktplatz - Autos;count;19.0
01.02.2023 15:58:00;Marktplatz - Autos;count;19.0
01.02.2023 16:01:07;Marktplatz - Autos;count;22.0
01.02.2023 16:02:26;Marktplatz - Autos;count;18.0
01.02.2023 16:03:13;Marktplatz - Autos;count;20.0
01.02.2023 16:04:30;Marktplatz - Autos;count;20.0
01.02.2023 16:05:34;Marktplatz - Autos;count;23.0
01.02.2023 16:06:20;Marktplatz - Autos;count;23.0
01.02.2023 16:08:25;Marktplatz - Autos;count;23.0
01.02.2023 16:09:27;Marktplatz - Autos;count;25.0
01.02.2023 16:10:30;Marktplatz - Autos;count;26.0
01.02.2023 16:11:33;Marktplatz - Autos;count;24.0
01.02.2023 16:12:35;Marktplatz - Autos;count;24.0
01.02.2023 16:13:38;Marktplatz - Autos;count;24.0
01.02.2023 16:14:55;Marktplatz - Autos;count;23.0
01.02.2023 16:15:46;Marktplatz - Autos;count;21.0
01.02.2023 16:18:04;Marktplatz - Autos;count;18.0
01.02.2023 16:18:50;Marktplatz - Autos;count;17.0
01.02.2023 16:19:53;Marktplatz - Autos;count;17.0
01.02.2023 16:20:55;Marktplatz - Autos;count;17.0
01.02.2023 16:22:08;Marktplatz - Autos;count;13.0
01.02.2023 16:25:05;Marktplatz - Autos;count;13.0
01.02.2023 16:26:18;Marktplatz - Autos;count;13.0
01.02.2023 16:27:26;Marktplatz - Autos;count;13.0
01.02.2023 16:28:13;Marktplatz - Autos;count;14.0
01.02.2023 16:29:15;Marktplatz - Autos;count;14.0
01.02.2023 16:30:33;Marktplatz - Autos;count;14.0
01.02.2023 16:31:20;Marktplatz - Autos;count;14.0
01.02.2023 16:34:27;Marktplatz - Autos;count;14.0
01.02.2023 16:35:30;Marktplatz - Autos;count;17.0
01.02.2023 16:36:33;Marktplatz - Autos;count;16.0
01.02.2023 16:37:52;Marktplatz - Autos;count;16.0
01.02.2023 16:39:40;Marktplatz - Autos;count;17.0
01.02.2023 16:41:45;Marktplatz - Autos;count;17.0
01.02.2023 16:42:47;Marktplatz - Autos;count;18.0
01.02.2023 16:43:50;Marktplatz - Autos;count;22.0
01.02.2023 16:44:53;Marktplatz - Autos;count;22.0
01.02.2023 16:45:55;Marktplatz - Autos;count;23.0
01.02.2023 16:46:58;Marktplatz - Autos;count;24.0
01.02.2023 16:50:27;Marktplatz - Autos;count;24.0
01.02.2023 16:51:07;Marktplatz - Autos;count;21.0
01.02.2023 16:52:27;Marktplatz - Autos;count;15.0
01.02.2023 16:53:32;Marktplatz - Autos;count;15.0
01.02.2023 16:54:15;Marktplatz - Autos;count;15.0
01.02.2023 16:55:18;Marktplatz - Autos;count;14.0
01.02.2023 16:56:20;Marktplatz - Autos;count;13.0
01.02.2023 16:58:25;Marktplatz - Autos;count;13.0
01.02.2023 16:59:45;Marktplatz - Autos;count;16.0
01.02.2023 17:00:30;Marktplatz - Autos;count;17.0
01.02.2023 17:01:33;Marktplatz - Autos;count;17.0
01.02.2023 17:02:35;Marktplatz - Autos;count;16.0
01.02.2023 17:03:55;Marktplatz - Autos;count;15.0
01.02.2023 17:04:40;Marktplatz - Autos;count;15.0
01.02.2023 17:06:46;Marktplatz - Autos;count;15.0
01.02.2023 17:07:47;Marktplatz - Autos;count;14.0
01.02.2023 17:08:50;Marktplatz - Autos;count;14.0
01.02.2023 17:09:53;Marktplatz - Autos;count;15.0
01.02.2023 17:10:55;Marktplatz - Autos;count;15.0
01.02.2023 17:11:58;Marktplatz - Autos;count;15.0
01.02.2023 17:13:00;Marktplatz - Autos;count;15.0
01.02.2023 17:15:05;Marktplatz - Autos;count;15.0
01.02.2023 17:16:07;Marktplatz - Autos;count;10.0
01.02.2023 17:17:10;Marktplatz - Autos;count;11.0
01.02.2023 17:18:13;Marktplatz - Autos;count;10.0
01.02.2023 17:19:15;Marktplatz - Autos;count;10.0
01.02.2023 17:20:18;Marktplatz - Autos;count;10.0
01.02.2023 17:21:21;Marktplatz - Autos;count;10.0
01.02.2023 17:22:39;Marktplatz - Autos;count;10.0
01.02.2023 17:23:26;Marktplatz - Autos;count;10.0
01.02.2023 17:24:28;Marktplatz - Autos;count;8.0
01.02.2023 17:25:31;Marktplatz - Autos;count;4.0
01.02.2023 17:26:34;Marktplatz - Autos;count;4.0
01.02.2023 17:27:36;Marktplatz - Autos;count;3.0
01.02.2023 17:28:39;Marktplatz - Autos;count;5.0
01.02.2023 17:29:41;Marktplatz - Autos;count;5.0
01.02.2023 17:31:46;Marktplatz - Autos;count;5.0
01.02.2023 17:32:48;Marktplatz - Autos;count;5.0
01.02.2023 17:33:51;Marktplatz - Autos;count;3.0
01.02.2023 17:35:57;Marktplatz - Autos;count;3.0
01.02.2023 17:37:00;Marktplatz - Autos;count;2.0
01.02.2023 17:38:18;Marktplatz - Autos;count;2.0
01.02.2023 17:39:05;Marktplatz - Autos;count;2.0
01.02.2023 17:40:11;Marktplatz - Autos;count;2.0
01.02.2023 17:42:13;Marktplatz - Autos;count;2.0
01.02.2023 17:43:16;Marktplatz - Autos;count;4.0
01.02.2023 17:44:19;Marktplatz - Autos;count;4.0
01.02.2023 17:45:22;Marktplatz - Autos;count;4.0
01.02.2023 17:46:24;Marktplatz - Autos;count;4.0
01.02.2023 17:48:29;Marktplatz - Autos;count;4.0
01.02.2023 17:49:31;Marktplatz - Autos;count;4.0
01.02.2023 17:50:38;Marktplatz - Autos;count;4.0
01.02.2023 17:51:37;Marktplatz - Autos;count;2.0
01.02.2023 17:52:40;Marktplatz - Autos;count;2.0
01.02.2023 17:53:43;Marktplatz - Autos;count;1.0
01.02.2023 17:55:04;Marktplatz - Autos;count;1.0
01.02.2023 17:56:51;Marktplatz - Autos;count;1.0
01.02.2023 17:59:02;Marktplatz - Autos;count;1.0
01.02.2023 18:00:21;Marktplatz - Autos;count;6.0
01.02.2023 18:01:02;Marktplatz - Autos;count;6.0
01.02.2023 18:02:05;Marktplatz - Autos;count;6.0
01.02.2023 18:03:08;Marktplatz - Autos;count;6.0
01.02.2023 18:06:15;Marktplatz - Autos;count;6.0
01.02.2023 18:07:26;Marktplatz - Autos;count;6.0
01.02.2023 18:08:21;Marktplatz - Autos;count;3.0
01.02.2023 18:09:23;Marktplatz - Autos;count;3.0
01.02.2023 18:10:26;Marktplatz - Autos;count;2.0
01.02.2023 18:11:29;Marktplatz - Autos;count;2.0
01.02.2023 18:13:34;Marktplatz - Autos;count;2.0
01.02.2023 18:14:51;Marktplatz - Autos;count;5.0
01.02.2023 18:15:39;Marktplatz - Autos;count;6.0
01.02.2023 18:16:58;Marktplatz - Autos;count;4.0
01.02.2023 18:18:47;Marktplatz - Autos;count;4.0
01.02.2023 18:20:26;Marktplatz - Autos;count;4.0
01.02.2023 18:22:10;Marktplatz - Autos;count;4.0
01.02.2023 18:22:57;Marktplatz - Autos;count;3.0
01.02.2023 18:24:00;Marktplatz - Autos;count;3.0
01.02.2023 18:25:25;Marktplatz - Autos;count;3.0
01.02.2023 18:27:08;Marktplatz - Autos;count;4.0
01.02.2023 18:28:11;Marktplatz - Autos;count;4.0
01.02.2023 18:31:34;Marktplatz - Autos;count;4.0
01.02.2023 18:32:21;Marktplatz - Autos;count;4.0
01.02.2023 18:33:44;Marktplatz - Autos;count;4.0
01.02.2023 18:34:26;Marktplatz - Autos;count;4.0
01.02.2023 18:36:47;Marktplatz - Autos;count;4.0
01.02.2023 18:37:34;Marktplatz - Autos;count;4.0
01.02.2023 18:38:37;Marktplatz - Autos;count;4.0
01.02.2023 18:39:39;Marktplatz - Autos;count;4.0
01.02.2023 18:40:42;Marktplatz - Autos;count;3.0
01.02.2023 18:41:45;Marktplatz - Autos;count;3.0
01.02.2023 18:42:47;Marktplatz - Autos;count;3.0
01.02.2023 18:43:50;Marktplatz - Autos;count;2.0
01.02.2023 18:44:53;Marktplatz - Autos;count;2.0
01.02.2023 18:46:58;Marktplatz - Autos;count;2.0
01.02.2023 18:48:00;Marktplatz - Autos;count;3.0
01.02.2023 18:49:21;Marktplatz - Autos;count;3.0
01.02.2023 18:50:06;Marktplatz - Autos;count;3.0
01.02.2023 18:51:08;Marktplatz - Autos;count;3.0
01.02.2023 18:52:11;Marktplatz - Autos;count;3.0
01.02.2023 18:53:14;Marktplatz - Autos;count;3.0
01.02.2023 18:54:15;Marktplatz - Autos;count;3.0
01.02.2023 18:55:18;Marktplatz - Autos;count;3.0
01.02.2023 18:56:20;Marktplatz - Autos;count;4.0
01.02.2023 18:57:23;Marktplatz - Autos;count;4.0
01.02.2023 19:00:31;Marktplatz - Autos;count;5.0
01.02.2023 19:01:34;Marktplatz - Autos;count;5.0
01.02.2023 19:04:41;Marktplatz - Autos;count;6.0
01.02.2023 19:05:44;Marktplatz - Autos;count;6.0
01.02.2023 19:07:03;Marktplatz - Autos;count;6.0
01.02.2023 19:08:52;Marktplatz - Autos;count;7.0
01.02.2023 19:09:55;Marktplatz - Autos;count;7.0
01.02.2023 19:13:03;Marktplatz - Autos;count;4.0
01.02.2023 19:15:08;Marktplatz - Autos;count;4.0
01.02.2023 19:17:30;Marktplatz - Autos;count;4.0
01.02.2023 19:18:16;Marktplatz - Autos;count;4.0
01.02.2023 19:20:21;Marktplatz - Autos;count;4.0
01.02.2023 19:21:23;Marktplatz - Autos;count;7.0
01.02.2023 19:22:26;Marktplatz - Autos;count;7.0
01.02.2023 19:23:29;Marktplatz - Autos;count;8.0
01.02.2023 19:25:34;Marktplatz - Autos;count;8.0
01.02.2023 19:26:37;Marktplatz - Autos;count;8.0
01.02.2023 19:30:01;Marktplatz - Autos;count;7.0
01.02.2023 19:30:47;Marktplatz - Autos;count;8.0
01.02.2023 19:31:50;Marktplatz - Autos;count;7.0
01.02.2023 19:34:11;Marktplatz - Autos;count;7.0
01.02.2023 19:34:58;Marktplatz - Autos;count;7.0
01.02.2023 19:38:05;Marktplatz - Autos;count;5.0
01.02.2023 19:40:14;Marktplatz - Autos;count;5.0
01.02.2023 19:42:16;Marktplatz - Autos;count;5.0
01.02.2023 19:43:19;Marktplatz - Autos;count;5.0
01.02.2023 19:45:24;Marktplatz - Autos;count;5.0
01.02.2023 19:46:26;Marktplatz - Autos;count;7.0
01.02.2023 19:48:42;Marktplatz - Autos;count;8.0
01.02.2023 19:50:37;Marktplatz - Autos;count;7.0
01.02.2023 19:53:45;Marktplatz - Autos;count;7.0
01.02.2023 19:54:55;Marktplatz - Autos;count;4.0
01.02.2023 19:57:03;Marktplatz - Autos;count;6.0
01.02.2023 19:58:58;Marktplatz - Autos;count;6.0
01.02.2023 20:00:01;Marktplatz - Autos;count;6.0
01.02.2023 20:02:06;Marktplatz - Autos;count;6.0
01.02.2023 20:03:08;Marktplatz - Autos;count;5.0
01.02.2023 20:04:11;Marktplatz - Autos;count;5.0
01.02.2023 20:05:14;Marktplatz - Autos;count;2.0
01.02.2023 20:07:19;Marktplatz - Autos;count;4.0
01.02.2023 20:08:21;Marktplatz - Autos;count;4.0
01.02.2023 20:10:42;Marktplatz - Autos;count;4.0
01.02.2023 20:11:47;Marktplatz - Autos;count;5.0
01.02.2023 20:12:31;Marktplatz - Autos;count;5.0
01.02.2023 20:14:37;Marktplatz - Autos;count;5.0
01.02.2023 20:15:39;Marktplatz - Autos;count;5.0
01.02.2023 20:16:42;Marktplatz - Autos;count;5.0
01.02.2023 20:19:49;Marktplatz - Autos;count;5.0
01.02.2023 20:20:52;Marktplatz - Autos;count;4.0
01.02.2023 20:21:55;Marktplatz - Autos;count;8.0
01.02.2023 20:24:00;Marktplatz - Autos;count;6.0
01.02.2023 20:27:23;Marktplatz - Autos;count;6.0
01.02.2023 20:28:10;Marktplatz - Autos;count;5.0
01.02.2023 20:29:13;Marktplatz - Autos;count;5.0
01.02.2023 20:30:16;Marktplatz - Autos;count;5.0
01.02.2023 20:32:21;Marktplatz - Autos;count;6.0
01.02.2023 20:35:29;Marktplatz - Autos;count;6.0
01.02.2023 20:36:31;Marktplatz - Autos;count;7.0
01.02.2023 20:37:34;Marktplatz - Autos;count;8.0
01.02.2023 20:38:37;Marktplatz - Autos;count;4.0
01.02.2023 20:40:43;Marktplatz - Autos;count;3.0
01.02.2023 20:42:01;Marktplatz - Autos;count;3.0
01.02.2023 20:42:47;Marktplatz - Autos;count;3.0
01.02.2023 20:44:06;Marktplatz - Autos;count;3.0
01.02.2023 20:45:55;Marktplatz - Autos;count;2.0
01.02.2023 20:49:03;Marktplatz - Autos;count;2.0
01.02.2023 20:50:06;Marktplatz - Autos;count;2.0
01.02.2023 20:51:09;Marktplatz - Autos;count;2.0
01.02.2023 20:55:20;Marktplatz - Autos;count;2.0
01.02.2023 20:56:21;Marktplatz - Autos;count;2.0
01.02.2023 20:57:41;Marktplatz - Autos;count;3.0
01.02.2023 20:58:28;Marktplatz - Autos;count;3.0
01.02.2023 21:01:51;Marktplatz - Autos;count;2.0
01.02.2023 21:04:58;Marktplatz - Autos;count;2.0
01.02.2023 21:06:03;Marktplatz - Autos;count;2.0
01.02.2023 21:07:04;Marktplatz - Autos;count;2.0
01.02.2023 21:08:54;Marktplatz - Autos;count;2.0
01.02.2023 21:09:56;Marktplatz - Autos;count;2.0
01.02.2023 21:10:59;Marktplatz - Autos;count;2.0
01.02.2023 21:12:02;Marktplatz - Autos;count;2.0
01.02.2023 21:14:08;Marktplatz - Autos;count;1.0
01.02.2023 21:16:11;Marktplatz - Autos;count;1.0
01.02.2023 21:17:14;Marktplatz - Autos;count;1.0
01.02.2023 21:18:16;Marktplatz - Autos;count;1.0
01.02.2023 21:19:20;Marktplatz - Autos;count;1.0
01.02.2023 21:20:23;Marktplatz - Autos;count;1.0
01.02.2023 21:22:27;Marktplatz - Autos;count;1.0
01.02.2023 21:27:40;Marktplatz - Autos;count;1.0
01.02.2023 21:28:44;Marktplatz - Autos;count;1.0
01.02.2023 21:29:45;Marktplatz - Autos;count;1.0
01.02.2023 21:30:49;Marktplatz - Autos;count;1.0
01.02.2023 21:35:19;Marktplatz - Autos;count;1.0
01.02.2023 21:36:01;Marktplatz - Autos;count;1.0
01.02.2023 21:37:05;Marktplatz - Autos;count;1.0
01.02.2023 21:39:25;Marktplatz - Autos;count;1.0
01.02.2023 21:40:13;Marktplatz - Autos;count;1.0
01.02.2023 21:43:19;Marktplatz - Autos;count;1.0
01.02.2023 21:44:22;Marktplatz - Autos;count;1.0
01.02.2023 21:45:26;Marktplatz - Autos;count;1.0
01.02.2023 21:46:27;Marktplatz - Autos;count;1.0
01.02.2023 21:47:31;Marktplatz - Autos;count;1.0
01.02.2023 21:48:33;Marktplatz - Autos;count;1.0
01.02.2023 21:50:38;Marktplatz - Autos;count;1.0
01.02.2023 21:51:40;Marktplatz - Autos;count;1.0
01.02.2023 21:52:43;Marktplatz - Autos;count;1.0
01.02.2023 21:53:47;Marktplatz - Autos;count;1.0
01.02.2023 21:55:51;Marktplatz - Autos;count;2.0
01.02.2023 21:59:00;Marktplatz - Autos;count;2.0
01.02.2023 22:00:01;Marktplatz - Autos;count;2.0
01.02.2023 22:01:05;Marktplatz - Autos;count;3.0
01.02.2023 22:02:07;Marktplatz - Autos;count;3.0
01.02.2023 22:03:09;Marktplatz - Autos;count;3.0
01.02.2023 22:04:13;Marktplatz - Autos;count;2.0
01.02.2023 22:05:15;Marktplatz - Autos;count;2.0
01.02.2023 22:08:22;Marktplatz - Autos;count;2.0
01.02.2023 22:09:25;Marktplatz - Autos;count;1.0
01.02.2023 22:10:29;Marktplatz - Autos;count;1.0
01.02.2023 22:11:31;Marktplatz - Autos;count;1.0
01.02.2023 22:12:34;Marktplatz - Autos;count;1.0
01.02.2023 22:13:36;Marktplatz - Autos;count;1.0
01.02.2023 22:17:47;Marktplatz - Autos;count;1.0
01.02.2023 22:19:05;Marktplatz - Autos;count;1.0
01.02.2023 22:20:55;Marktplatz - Autos;count;1.0
01.02.2023 22:22:12;Marktplatz - Autos;count;1.0
01.02.2023 22:25:26;Marktplatz - Autos;count;2.0
01.02.2023 22:26:08;Marktplatz - Autos;count;2.0
01.02.2023 22:29:16;Marktplatz - Autos;count;2.0
01.02.2023 22:31:20;Marktplatz - Autos;count;2.0
01.02.2023 22:32:39;Marktplatz - Autos;count;2.0
01.02.2023 22:33:26;Marktplatz - Autos;count;1.0
01.02.2023 22:34:29;Marktplatz - Autos;count;1.0
01.02.2023 22:35:32;Marktplatz - Autos;count;4.0
01.02.2023 22:37:37;Marktplatz - Autos;count;6.0
01.02.2023 22:38:40;Marktplatz - Autos;count;6.0
01.02.2023 22:39:42;Marktplatz - Autos;count;6.0
01.02.2023 22:41:47;Marktplatz - Autos;count;8.0
01.02.2023 22:42:50;Marktplatz - Autos;count;8.0
01.02.2023 22:43:53;Marktplatz - Autos;count;6.0
01.02.2023 22:44:55;Marktplatz - Autos;count;7.0
01.02.2023 22:47:01;Marktplatz - Autos;count;7.0
01.02.2023 22:50:08;Marktplatz - Autos;count;6.0
01.02.2023 22:51:11;Marktplatz - Autos;count;6.0
01.02.2023 22:52:29;Marktplatz - Autos;count;7.0
01.02.2023 22:53:16;Marktplatz - Autos;count;8.0
01.02.2023 22:58:27;Marktplatz - Autos;count;8.0
01.02.2023 23:00:33;Marktplatz - Autos;count;8.0
01.02.2023 23:01:35;Marktplatz - Autos;count;7.0
01.02.2023 23:02:38;Marktplatz - Autos;count;4.0
01.02.2023 23:03:41;Marktplatz - Autos;count;4.0
01.02.2023 23:04:43;Marktplatz - Autos;count;4.0
01.02.2023 23:05:46;Marktplatz - Autos;count;4.0
01.02.2023 23:06:48;Marktplatz - Autos;count;3.0
01.02.2023 23:08:54;Marktplatz - Autos;count;5.0
01.02.2023 23:10:01;Marktplatz - Autos;count;5.0
01.02.2023 23:11:14;Marktplatz - Autos;count;7.0
01.02.2023 23:12:02;Marktplatz - Autos;count;7.0
01.02.2023 23:15:09;Marktplatz - Autos;count;7.0
01.02.2023 23:16:12;Marktplatz - Autos;count;7.0
01.02.2023 23:17:15;Marktplatz - Autos;count;3.0
01.02.2023 23:18:17;Marktplatz - Autos;count;3.0
01.02.2023 23:19:42;Marktplatz - Autos;count;1.0
01.02.2023 23:20:23;Marktplatz - Autos;count;1.0
01.02.2023 23:23:30;Marktplatz - Autos;count;1.0
01.02.2023 23:25:36;Marktplatz - Autos;count;2.0
01.02.2023 23:26:38;Marktplatz - Autos;count;2.0
01.02.2023 23:27:41;Marktplatz - Autos;count;2.0
01.02.2023 23:28:44;Marktplatz - Autos;count;2.0
01.02.2023 23:29:46;Marktplatz - Autos;count;2.0
01.02.2023 23:32:25;Marktplatz - Autos;count;3.0
01.02.2023 23:32:54;Marktplatz - Autos;count;4.0
01.02.2023 23:34:59;Marktplatz - Autos;count;5.0
01.02.2023 23:40:28;Marktplatz - Autos;count;6.0
01.02.2023 23:41:15;Marktplatz - Autos;count;5.0
01.02.2023 23:42:34;Marktplatz - Autos;count;4.0
01.02.2023 23:43:20;Marktplatz - Autos;count;2.0
01.02.2023 23:45:26;Marktplatz - Autos;count;2.0
01.02.2023 23:47:31;Marktplatz - Autos;count;2.0
01.02.2023 23:48:33;Marktplatz - Autos;count;0.0
01.02.2023 23:49:36;Marktplatz - Autos;count;0.0
01.02.2023 23:50:39;Marktplatz - Autos;count;0.0
01.02.2023 23:55:52;Marktplatz - Autos;count;0.0
01.02.2023 23:56:54;Marktplatz - Autos;count;0.0
01.02.2023 23:59:00;Marktplatz - Autos;count;0.0